;date;cleaned_tweets
0;Mon Sep 02 09:15:12 +0000 2024;E cominciato nel carcere di Bergamo linterrogatorio di Moussa Sangare accusato di omicidio aggravato dalla premeditazione e dai futili motivi per aver ucciso con 4 coltellate Sharon Verzeni la notte tra il 29 e 30 luglio scorsi a Terno dIsola ansa
1;Mon Sep 02 10:31:51 +0000 2024;Starlink provider satellitare di propriet di Elon Musk continuer a garantire laccesso a X in Brasile malgrado la sospensione decisa dal Tribunal supremo federale ansa
2;Mon Sep 02 10:18:34 +0000 2024;Dopo la fiammata dei prezzi per il tour degli Oasis il governo britannico annuncia che studier misure contro le rivendite truffaldine ansa
3;Mon Sep 02 10:08:33 +0000 2024;Settimana con tanti temporali su tutta lItalia ma sar caldo Da gioved atteso un calo termico ansa
4;Mon Sep 02 08:19:21 +0000 2024;Strage in famiglia nel Milanese Il diciassettenne che ha confessato di aver ucciso il padre la madre e il fratellino rivela al pm Avverto un malessere Mi sentivo estraneo in famiglia Attesa ludienza di convalida dellarresto ansa
5;Mon Sep 02 09:59:29 +0000 2024;Caso Sharon il Codacons chiede di estendere le indagini verso gli enti locali competenti Si indaghi su possibili omissioni sanitarie Nonostante tre denunce per violenze e lettere alle autorit competenti nessuno si sarebbe attivato per bloccare i maltrattamenti di Sangare
6;Mon Sep 02 09:49:41 +0000 2024;Ha confermato le dichiarazioni gi rese Moussa Sangare accusato dellomicidio di Sharon Verzeni interrogato oggi dal gip Raffaella Mascarino Non so perch lho fatto Ero uscito di casa con la sensazione di fare del male ha detto il 31enne ansa
7;Mon Sep 02 09:31:32 +0000 2024;PARALIMPIADI Lazzurra Veronica Yoko Plebani 28enne bresciana di Gavardo ha conquistato la medaglia dargento nella prova di ParaTriathlon donne PTS 2 di Parigi 2024 ansa
8;Mon Sep 02 09:15:05 +0000 2024;Arrestato in Tunisia il candidato alla presidenza del piccolo partito liberale Azimoun a un mese dal voto E accusato di aver falsificato le firme a sostegno della sua lista ansa
9;Mon Sep 02 08:50:58 +0000 2024;Con lex premier Cazeneuve il presidente Macron da inizio alle consultazioni per nominare un nuovo premier a quasi due mesi dalle elezioni politiche in Francia Forse domani il nome ansa
10;Mon Sep 02 08:49:13 +0000 2024;Nel secondo trimestre del 2024 il prodotto interno lordo corretto per gli effetti di calendario e destagionalizzato cresciuto dello 02 rispetto al trimestre precedente e dello 09 nei confronti del secondo trimestre del 2023 E quanto afferma lIstat ansa
11;Mon Sep 02 08:20:29 +0000 2024;Un debole campo elettrico avvolge la Terra VIDEO Fondamentale per il nostro pianeta tanto quanto il campo gravitazionale e il campo magnetico terrestri ansa
12;Mon Sep 02 08:16:09 +0000 2024;Ragazza denuncia una violenza sessuale di gruppo tre in carcere Vittima una 23enne gli abusi nelle campagne del Tarantino ansa
13;Mon Sep 02 07:00:01 +0000 2024;VENEZIA 81 Il programma del 2 settembre alla Mostra del Cinema In concorso Almodovar e Delpero Leone doro alla carriera a Weir Premio Cartier a Lelouc ansa
14;Mon Sep 02 06:43:08 +0000 2024;Nelida Sanchez militante dei diritti umani in Venezuela stata arrestata e rinchiusa nellElicoide la tristemente celebre sede dei servizi del governo di Nicolas Maduro ansa
15;Mon Sep 02 06:31:14 +0000 2024;MEDIO ORIENTE Raid aereo su una scuola di Gaza almeno 11 morti Israele sostiene che da l funzionava un comando di Hamas la Protezione civile che cerano solo sfollati ansa
16;Mon Sep 02 11:38:08 +0000 2024;Terzo mandato per la Lega la battaglia continuaavanti con Zaiaper blindare il Venetoma il fronte dei governatori a favore non c pi
17;Mon Sep 02 11:38:06 +0000 2024;Terzo mandato per la Lega la battaglia continuaavanti con Zaiaper blindare il Venetoma il fronte dei governatori a favore non c pi
18;Mon Sep 02 11:33:33 +0000 2024;Tom Hanks contro lintelligenza artificiale Mi hanno clonato perpropagandarecure mediche
19;Mon Sep 02 11:33:05 +0000 2024;Tom Hanks contro lintelligenza artificiale Mi hanno clonato perpropagandarecure mediche
20;Mon Sep 02 11:29:07 +0000 2024;Sulla Swisssedili troppo pesanti per far star comodi i passeggeri di prima classe aerei sbilanciati E la soluzione fa volare la CO2
21;Mon Sep 02 11:23:37 +0000 2024;Venezia Regata storicacade lultimo tab per la prima volta una donna porta il dono alla Madonna
22;Mon Sep 02 11:23:36 +0000 2024;Venezia Regata storicacade lultimo tab per la prima volta una donna porta il dono alla Madonna
23;Mon Sep 02 11:14:08 +0000 2024;Leclerc ma non solo Sainz che fa squadra e strategia perfetta E adesso la Ferrari pu pensare in grande
24;Mon Sep 02 11:14:05 +0000 2024;Leclerc ma non solo Sainz che fa squadra e strategia perfetta E adesso la Ferrari pu pensare in grande
25;Mon Sep 02 11:04:33 +0000 2024;Tende da sole o pergole bioclimatiche ultimi mesi per proteggersi dal caldo con il bonus al 50
26;Mon Sep 02 10:16:35 +0000 2024;Il tesoro di Temu in cassa ha 38 miliardi di dollari ma lascia a secco gli azionisti
27;Mon Sep 02 10:11:36 +0000 2024;Aerei pi pacchetti di voli low cost che offerte all you can fly
28;Mon Sep 02 10:11:35 +0000 2024;Aerei pi pacchetti di voli low cost che offerte all you can fly
29;Mon Sep 02 09:57:05 +0000 2024;Nuovo procedimento disciplinare per Vannacci La replica del generale Sono sereno e convinto dellecorrettezza delle mie azioni
30;Mon Sep 02 09:52:33 +0000 2024;Friuli sconfigge un tumore e prenota la visita di controllo prima disponibilit fra cinque anni
31;Mon Sep 02 09:47:35 +0000 2024;Bellocchio a Venezia 81 La prima volta fu un no a I pugni in tasca volevano far vincere Visconti
32;Mon Sep 02 09:38:09 +0000 2024;Paralimpiadi Veronica YokoPlebani argento nel triathlon
33;Mon Sep 02 09:38:06 +0000 2024;Paralimpiadi Veronica YokoPlebani argento nel triathlon
34;Mon Sep 02 09:14:13 +0000 2024;Protesta animalisti a Venezia Lesperto Uccidere gli orsi una decisione estrema ma va messa in conto per evitare situazioni rischiose
35;Mon Sep 02 09:14:12 +0000 2024;Protesta animalisti a Venezia Lesperto Uccidere gli orsi una decisione estrema ma va messa in conto per evitare situazioni rischiose
36;Mon Sep 02 11:21:16 +0000 2024;Valentina Petrillo in semifinale nei 400 Non dovete avere paura di me lotto contro i pregiudizi su noi transessuali
37;Mon Sep 02 11:16:17 +0000 2024;Murdoch vuole Rightmove il maggiore portale immobiliare britannico Rea valuta lOpa
38;Mon Sep 02 11:11:26 +0000 2024;Paralimpiadi Alessandro Ossola e la proposta di matrimonio in diretta
39;Mon Sep 02 11:06:35 +0000 2024;Charles Leclerc il bacio con la fidanzata Alexandra dopo la vittoria Chi la compagna da 1 milione di follower
40;Mon Sep 02 11:01:59 +0000 2024;Teo Teocoli su Celentano Eravamo amicissimi da cinque anni non mi risponde pi al telefono
41;Mon Sep 02 10:15:49 +0000 2024;Non dormono non si concentrano stanno poco in societ cos lo smartphone ha reso depressi e ansiosi i nostri adolescenti
42;Mon Sep 02 10:11:22 +0000 2024;Venduta per 17 milioni di dollari la prima Ferrari 250 GT California prodotta Le foto
43;Mon Sep 02 10:07:51 +0000 2024;Paderno linterrogatorio del 17enne che ha sterminato la famiglia Vivo un malessereLa confessione Ci pensavo da un po
44;Mon Sep 02 10:03:57 +0000 2024;Francia droga la moglie per 10 anni e contatta uomini per abusare di lei via al processo per gli stupri di Mazan
45;Mon Sep 02 10:00:51 +0000 2024;Paolo Crepet sulla strage di Paderno Dugnano Famiglia perfetta Cerano per forza segnali che nessuno ha visto Questo deve spaventare
46;Mon Sep 02 09:16:53 +0000 2024;La rapina choc a Neres sospetti sulla banda del rione TraianoE la moglie si scusa
47;Mon Sep 02 09:14:37 +0000 2024;Chi Ines de Ramon la fidanzata di Brad Pitt il brand di gioielli lex marito la laurea in economia a Ginevra
48;Mon Sep 02 09:10:11 +0000 2024;Stretta sul credito mancano 60 miliardi Tassi e incertezze perch lItalia frena
49;Mon Sep 02 09:05:43 +0000 2024;Ultradestra prima in Turingia Hcke Pronti a governare
50;Mon Sep 02 09:00:24 +0000 2024;Mi ha stordito con i farmaci e mi ha rubato i risparmi di una vita Medico leccese denuncia la figlia
51;Mon Sep 02 08:17:39 +0000 2024;Gran Premio dellinclusione Leclerc vince e raggiunge i ragazzi autistici di PizzAut
52;Mon Sep 02 08:13:24 +0000 2024;morto Obi Ndefo attore di Dawsons CreekAveva 51 anni
53;Mon Sep 02 08:09:16 +0000 2024;A Brescia il raduno delle famiglie numerose Non fateci pagare le tasse
54;Mon Sep 02 08:05:09 +0000 2024;Sardegna la turista milanese 86enne Ho pagato 4kg di salumi e formaggi 1155 euro sono stata raggirata in casa mia
55;Mon Sep 02 08:00:49 +0000 2024;Boccia ecco la foto che smentisce Sangiuliano la consigliera al tavolo nel meeting di FerragostoLe tracce con il ministro
