what,who,where,when
"paderno, successo, killer, Moussa Sangare Cittadinanza, politiche, coltellate, Lo guarder lo stesso  Si Perch, verzeni, poveretta, strada, video, processi, follia, Aspettiamo, morale, Omicidio sharon, Arresto, convalidato, inquadrato, lomicida, Ne siete cos, 4, coglioni, i, facile, disola","sharon, ASSOLUTAMENTE, Lassassino","Dugnano, Lomicidio, Terno, Chignolo",2024-01-14 10:24:00
"indagato, capirlo, perch","Borsellino, Falcone",,2024-09-01 20:56:00
"o, attitudini, Non di rendicontare le tragedie in ragione di nazionalit religione, dimostrato, emerse, andare",,"Pessina, Spgna, Maltaha",2024-01-14 10:24:00
"salvini, Non patteggio un processo politico, Non patteggio Arrivo, E incredibile, immigrazione, arms, Matteo, social, Decreti sicurezza dellallora Ministro dellInterno, open, settembre, leader, CONFINI, magistratura","DIFESA, Matteo Salvini, arms Cosa, arms palermo",,2024-09-15 00:07:00
requisitoria,,"Palermo, Procura",2024-09-16 15:35:00
"interviene, pubblicamente",Meloni,,2024-09-17 09:25:00
"politico, moll, riunisce, FALSO Il Governo Conte I, voterei, Il leader della lega, denunciato, processo, Conte, confonde, Ma mandarlo in carcere per aver difeso i confini, voter, I, chiesto",Salvini,Pm di Palermo,2024-08-30 13:25:00
,Open Arms Salvini,,
"opposizioni, delegittima",,Cos,2024-09-17 09:00:00
punto,Lucio Bond,,2024-09-17 09:00:00
"gi, costruendo, manca, c, Lestate 2019",PS,,2024-01-14 10:24:00
"sentenzeUn, attenzione",,po,2024-01-14 10:24:00
"sbarco, 147",,Lampedusa,2024-09-15 10:25:00
"bordo, porto, sequestrato, Open Arms Non fu lunica",Diciotti,Mediterraneonessuno,2024-09-16 15:35:00
"tunisia, voluto, sicuri",,"malta, spagna",2024-09-09 14:35:00
,,italia,2024-08-30 13:25:00
"chiesti, 6, rischi, Processo open arms",,Repubblica,2024-09-15 08:44:00
"abbatte, Monza, league, 3, Monza 4, vs, contropiede, Minuto 9258, ragazzi, lavversario, marotta, 9258, zero","Pavard, cio, Fallo",Cera,2024-09-04 08:54:00
"monza, fuorigioco, ITALIANO, lamico, nato, Finale, inter, monza inter, lInter, terribile, Il fischio anticipato di pairetto, scoppiettante, immune, capitato, dumfries, agito, ATTIVO, cross, cittadinanza, Mancato vantaggio Lo schifo monza inter, delitto, lomicidio,  , Fosse, pomeriggio5, parla, marottaleague, arnautovic","Izzo, Moussa Sangare","Italia, Milano",2024-01-14 10:24:00
,,"Italia, Milano",2024-08-30 13:25:00
"collega, ricever",,Nichelino,2024-09-16 11:52:00
gesto,Bellissimo,Lautaro,2024-01-14 10:24:00
"questanno, interrompe, secondi, Mi sa, lazione",Airoldi,,2024-09-15 22:46:00
"differenza, ininfluente, donna",Uno,,2024-09-04 08:54:00
"gol, Vediamo la favoletta",Mota,,2024-09-15 22:53:00
,juventus,,2024-01-15 16:31:00
"pagelle, monza inter Ho letto analisi folli",,Caporetto,2024-09-16 08:05:00
,Monza,,2024-09-15 22:46:00
vede,,Appena,2024-09-10 09:12:00
programma,,Reputo il Grande Fratello,2024-09-16 21:40:00
"rivoluzionata, 1, accoglie",Casa,,2024-09-01 20:56:00
"concorrenti, prende, 14",,Jessica,2024-09-15 10:25:00
scena,Luzzi,Buonamici,2024-09-17 01:49:00
"succede, grandefratello",JESSICA GI LA PI DIVERTENTE,,2024-09-16 18:52:00
,Clarissa,,2024-09-16 22:19:00
"concorrente, ricchi",tommaso zorzi,,2024-09-16 23:54:00
"ottimo, vuole",Mediaset,,2024-09-17 10:27:00
"2011si, corpo",Yara Gambirasio,,2024-09-09 19:49:00
"coltello, ricordo",,Volevo,2024-09-03 11:03:00
"Come dargli torto, sinistra",ITALIANISSIMO,,2024-09-01 15:10:00
"linterrogatorio, carcere",,di bergamo,2024-09-02 12:53:00
"sar, convalida, Lo scrive il gip di Bergamo, pienamente, integro, perfettamente, trasferito",Luomo,,2024-01-14 10:24:00
detenuti,,bergamo,2024-09-02 12:53:00
,Sharon Verzeni,,2024-09-01 20:37:00
famiglia,,Paderno Dugnano,2024-09-01 20:56:00
